Topic,Articles
abuse,"['https://www.betterhelp.com/advice/abuse/how-therapy-can-help-when-someone-abuses-you/', 'https://www.betterhelp.com/advice/abuse/12-long-and-short-term-effects-of-child-abuse/', 'https://www.betterhelp.com/advice/abuse/types-of-elder-abuse-what-should-i-be-looking-for/', 'https://www.betterhelp.com/advice/abuse/why-do-people-participate-in-victim-blaming/', 'https://www.betterhelp.com/advice/abuse/what-is-covert-narcissistic-abuse-gaslighting-manipulation-and-intimidation/', 'https://www.betterhelp.com/advice/abuse/identifying-the-signs-of-spousal-abuse/', 'https://www.betterhelp.com/advice/abuse/am-i-the-victim-of-covert-abuse-learning-the-signs/', 'https://www.betterhelp.com/advice/abuse/i-had-abusive-parents-am-i-at-risk-of-abusing-kids/', 'https://www.betterhelp.com/advice/abuse/stopping-the-abuse-cycle-where-do-i-start/', 'https://www.betterhelp.com/advice/abuse/narcissistic-abuse-examples-how-to-identify-if-youre-a-victim-of-abuse/', 'https://www.betterhelp.com/advice/abuse/6-ways-to-end-the-cycle-of-abuse/', 'https://www.betterhelp.com/advice/abuse/define-sobriety-how-it-impacts-your-life/']"
adhd,"['https://www.betterhelp.com/advice/adhd/16-symptoms-of-adhd-in-adults/', 'https://www.betterhelp.com/advice/adhd/5-signs-of-add-in-adults-learning-to-recognize-adult-add/', 'https://www.betterhelp.com/advice/adhd/what-is-hyperactivity-add-vs-adhd/', 'https://www.betterhelp.com/advice/adhd/adhd-adult-symptoms-challenges-and-treatments/', 'https://www.betterhelp.com/advice/adhd/helpful-adhd-apps/', 'https://www.betterhelp.com/advice/adhd/dyslexia-and-adhd-coping-with-a-dual-diagnosis/', 'https://www.betterhelp.com/advice/adhd/adhd-and-alcohol-how-alcohol-abuse-affects-adhd/', 'https://www.betterhelp.com/advice/adhd/adhd-symptoms-in-adults-what-to-look-out-for/', 'https://www.betterhelp.com/advice/adhd/what-is-the-conners-adhd-rating-scale/', 'https://www.betterhelp.com/advice/adhd/using-essential-oils-for-adhd-symptom-management/', 'https://www.betterhelp.com/advice/adhd/how-an-adhd-simulation-can-help-you-parent-a-child-with-adhd/', 'https://www.betterhelp.com/advice/adhd/diagnosed-with-adhd-jobs-that-may-be-a-good-fit/']"
adolescence,"['https://www.betterhelp.com/advice/adolescence/cognitive-development-in-adolescence-why-its-important-to-know-how-your-childs-mind-works/', 'https://www.betterhelp.com/advice/adolescence/changes-to-expect-in-late-adolescence/', 'https://www.betterhelp.com/advice/adolescence/adolescent-brain-development-and-what-it-means/', 'https://www.betterhelp.com/advice/adolescence/adolescent-psychology-what-makes-teens-different-and-how-can-psychology-help/', 'https://www.betterhelp.com/advice/adolescence/adolescent-age-range-and-what-it-means/', 'https://www.betterhelp.com/advice/adolescence/what-is-adolescent-egocentrism-and-how-can-i-deal-with-it-as-a-parent/', 'https://www.betterhelp.com/advice/adolescence/18-areas-of-normal-adolescent-behavior/', 'https://www.betterhelp.com/advice/adolescence/coping-with-eating-disorders-in-adolescence/', 'https://www.betterhelp.com/advice/adolescence/helping-a-young-person-with-adolescent-drug-use/', 'https://www.betterhelp.com/advice/adolescence/adolescent-depression-its-increasing-but-how-do-we-stop-it/', 'https://www.betterhelp.com/advice/adolescence/an-overview-of-the-adolescence-definition/', 'https://www.betterhelp.com/advice/adolescence/coping-with-bullying-in-schools/']"
alzheimers,"['https://www.betterhelp.com/advice/alzheimers/whats-the-difference-between-dementia-and-alzheimers/', 'https://www.betterhelp.com/advice/alzheimers/ten-facts-you-didnt-know-about-alzheimers-and-dementia/', 'https://www.betterhelp.com/advice/alzheimers/is-there-an-at-home-alzheimer-test-12-questions-for-possible-patients/', 'https://www.betterhelp.com/advice/alzheimers/ten-important-things-to-know-about-alzheimers-progression/', 'https://www.betterhelp.com/advice/alzheimers/6-early-signs-of-alzheimers-to-be-aware-of/', 'https://www.betterhelp.com/advice/alzheimers/dementia-vs-alzheimers-whats-the-difference-2/', 'https://www.betterhelp.com/advice/alzheimers/what-is-aspiration/', 'https://www.betterhelp.com/advice/alzheimers/14-most-common-alzheimers-treatment-options/', 'https://www.betterhelp.com/advice/alzheimers/what-are-the-stages-of-alzheimers-and-how-is-each-managed/', 'https://www.betterhelp.com/advice/alzheimers/18-activities-of-the-alzheimers-association/', 'https://www.betterhelp.com/advice/alzheimers/what-causes-alzheimers-disease/', 'https://www.betterhelp.com/advice/alzheimers/treatments-that-could-lead-to-an-alzheimers-cure/']"
ambition,"['https://www.betterhelp.com/advice/ambition/the-ambitious-woman-7-habits-successful-women-have-in-common/', 'https://www.betterhelp.com/advice/ambition/27-ways-to-overcome-lack-of-ambition/', 'https://www.betterhelp.com/advice/ambition/what-does-ambition-mean-an-overview/', 'https://www.betterhelp.com/advice/ambition/what-is-the-difference-between-blind-ambition-and-ambition/', 'https://www.betterhelp.com/advice/ambition/10-ways-driving-ambition-helps-you-succeed-sometimes/', 'https://www.betterhelp.com/advice/ambition/why-do-some-people-have-more-ambition-than-others-do/', 'https://www.betterhelp.com/advice/ambition/the-best-ambition-quotes-to-keep-you-focused/']"
anger,"['https://www.betterhelp.com/advice/anger/struggling-with-anger-attacks-how-to-gain-control/', 'https://www.betterhelp.com/advice/anger/strategies-for-teenagers-anger-management/', 'https://www.betterhelp.com/advice/anger/why-am-i-so-angry-depression-and-its-link-to-anger/', 'https://www.betterhelp.com/advice/anger/when-feeling-depressed-angry-emotions-make-coping-difficult/', 'https://www.betterhelp.com/advice/anger/volatile-anger-symptoms-you-shouldnt-ignore/', 'https://www.betterhelp.com/advice/anger/where-to-find-effective-free-anger-management-classes-that-really-work-and-where-to-get-therapy-online/', 'https://www.betterhelp.com/advice/anger/whats-the-connection-between-menopause-and-anger-toward-husbands/', 'https://www.betterhelp.com/advice/anger/how-to-calm-your-inner-angry-woman/', 'https://www.betterhelp.com/advice/anger/does-testosterone-make-you-angry/', 'https://www.betterhelp.com/advice/anger/what-is-angry-depression-and-how-can-it-be-treated/', 'https://www.betterhelp.com/advice/anger/managing-anger-with-healthy-habits/', 'https://www.betterhelp.com/advice/anger/the-dangers-of-extreme-anger/']"
Anxiety,"['https://www.betterhelp.com/advice/anxiety/what-is-an-anxiety-attack-10-ways-to-recognize-and-cope-with-an-anxiety-attack/', 'https://www.betterhelp.com/advice/anxiety/spiraling-out-of-control-how-to-stay-calm-when-dealing-with-anxiety/', 'https://www.betterhelp.com/advice/anxiety/anxiety-attack-relief-4-methods-to-cope-with-an-anxiety-attack/', 'https://www.betterhelp.com/advice/anxiety/how-to-cure-social-anxiety-using-these-5-tips/', 'https://www.betterhelp.com/advice/anxiety/is-anxiety-a-mental-illness/', 'https://www.betterhelp.com/advice/anxiety/how-to-treat-social-anxiety-5-ways-to-manage-social-anxiety/', 'https://www.betterhelp.com/advice/anxiety/how-to-treat-anxiety-in-3-steps/', 'https://www.betterhelp.com/advice/anxiety/what-helps-anxiety-7-tips-to-decrease-anxiety-symptoms/', 'https://www.betterhelp.com/advice/anxiety/how-to-fight-anxiety-tips-and-tricks/', 'https://www.betterhelp.com/advice/anxiety/is-there-a-cure-for-anxiety/', 'https://www.betterhelp.com/advice/anxiety/social-anxiety-support-support-groups-understanding-and-intervention/', 'https://www.betterhelp.com/advice/anxiety/types-of-anxiety-attack-treatment/']"
attachment,"['https://www.betterhelp.com/advice/attachment/how-does-conditional-positive-regard-affect-well-being/', 'https://www.betterhelp.com/advice/attachment/what-are-the-four-attachment-styles/', 'https://www.betterhelp.com/advice/attachment/reactive-attachment-disorder-causes-symptoms-and-treatment/', 'https://www.betterhelp.com/advice/attachment/what-is-a-writ-of-bodily-attachment-how-does-it-work/', 'https://www.betterhelp.com/advice/attachment/ways-to-create-a-secure-attachment/', 'https://www.betterhelp.com/advice/attachment/types-of-therapy-for-adult-attachment-issues/', 'https://www.betterhelp.com/advice/attachment/what-does-background-attachment-mean-how-does-it-work/', 'https://www.betterhelp.com/advice/attachment/what-is-ambivalent-attachment-how-does-it-affect-me/', 'https://www.betterhelp.com/advice/attachment/how-does-the-science-of-attraction-work/', 'https://www.betterhelp.com/advice/attachment/what-is-disorganized-attachment-how-does-it-work/', 'https://www.betterhelp.com/advice/attachment/non-attachment-symptoms-and-therapy/', 'https://www.betterhelp.com/advice/attachment/how-attachment-therapy-can-help-you/']"
attraction,"['https://www.betterhelp.com/advice/attraction/what-is-the-split-attraction-model/', 'https://www.betterhelp.com/advice/attraction/mind-over-matter-why-youre-attracted-to-intelligence/', 'https://www.betterhelp.com/advice/attraction/the-science-behind-pheromones-attraction/', 'https://www.betterhelp.com/advice/attraction/how-to-read-someones-body-language-attraction-to-you/', 'https://www.betterhelp.com/advice/attraction/what-is-genetic-sexual-attraction-and-is-it-real/', 'https://www.betterhelp.com/advice/attraction/using-eye-contact-attraction-to-build-a-relationship/', 'https://www.betterhelp.com/advice/attraction/signs-of-attraction-how-do-i-know-if-they-like-me/', 'https://www.betterhelp.com/advice/attraction/what-are-different-types-of-attraction/']"
behavior,"['https://www.betterhelp.com/advice/behavior/what-to-do-when-you-recognize-passive-behavior-in-yourself-or-others/', 'https://www.betterhelp.com/advice/behavior/behaviors-emotions-and-feelings-how-they-work-together/', 'https://www.betterhelp.com/advice/behavior/systematic-desensitization-definition-and-process/', 'https://www.betterhelp.com/advice/behavior/10-strategies-for-avoidant-coping/', 'https://www.betterhelp.com/advice/behavior/is-it-a-bad-thing-to-be-perfectionistic/', 'https://www.betterhelp.com/advice/behavior/how-do-you-define-codependent-relationships/', 'https://www.betterhelp.com/advice/behavior/13-tips-for-overcoming-shyness/', 'https://www.betterhelp.com/advice/behavior/four-signs-youre-suffering-from-codependency-in-your-relationships/', 'https://www.betterhelp.com/advice/behavior/7-signs-of-manipulative-behavior/', 'https://www.betterhelp.com/advice/behavior/what-is-an-applied-behavior-analyst-and-what-do-they-do/', 'https://www.betterhelp.com/advice/behavior/how-can-i-find-the-right-childrens-behavioral-therapist-near-me/', 'https://www.betterhelp.com/advice/behavior/how-aba-behavior-strategies-can-help-change-maladaptive-behaviors/']"
bipolar,"['https://www.betterhelp.com/advice/bipolar/am-i-bipolar-8-signs-of-being-bipolar/', 'https://www.betterhelp.com/advice/bipolar/how-to-treat-bipolar-disorder-in-4-steps/', 'https://www.betterhelp.com/advice/bipolar/what-does-bipolar-narcissist-mean-and-how-can-i-protect-myself/', 'https://www.betterhelp.com/advice/bipolar/8-symptoms-of-cyclothymic-disorder-and-when-to-seek-help/', 'https://www.betterhelp.com/advice/bipolar/what-happens-in-the-manic-phase-of-bipolar-disorder/', 'https://www.betterhelp.com/advice/bipolar/am-i-manic-meaning-signs-and-next-steps/', 'https://www.betterhelp.com/advice/bipolar/bipolar-disorder-statistics-how-many-people-does-it-affect/', 'https://www.betterhelp.com/advice/bipolar/how-do-you-define-mania-and-what-are-the-symptoms/', 'https://www.betterhelp.com/advice/bipolar/does-ect-cause-bipolar-memory-loss/', 'https://www.betterhelp.com/advice/bipolar/do-natural-remedies-for-bipolar-disorder-exist/', 'https://www.betterhelp.com/advice/bipolar/can-you-hurt-people-during-mania-does-a-bipolar-person-know-right-from-wrong/', 'https://www.betterhelp.com/advice/bipolar/how-accurate-is-an-online-bipolar-quiz/']"
body-dysmorphic-disorder,"['https://www.betterhelp.com/advice/body-dysmorphic-disorder/coping-with-body-image-issues-in-the-modern-world/', 'https://www.betterhelp.com/advice/body-dysmorphic-disorder/what-is-body-dysmorphic-disorder-definition-criteria-diagnosis/', 'https://www.betterhelp.com/advice/body-dysmorphic-disorder/why-taking-a-body-dysmorphia-test-can-help-you-start-getting-the-help-you-need/', 'https://www.betterhelp.com/advice/body-dysmorphic-disorder/what-everyone-should-know-about-social-media-and-body-image/', 'https://www.betterhelp.com/advice/body-dysmorphic-disorder/the-link-between-body-image-and-the-media-and-its-damaging-effects/', 'https://www.betterhelp.com/advice/body-dysmorphic-disorder/learning-to-love-your-physical-appearance/', 'https://www.betterhelp.com/advice/body-dysmorphic-disorder/what-is-the-best-type-of-body-dysmorphic-disorder-treatment-for-me/', 'https://www.betterhelp.com/advice/body-dysmorphic-disorder/what-is-body-dysmorphia-and-how-is-it-treated/', 'https://www.betterhelp.com/advice/body-dysmorphic-disorder/can-muscle-dysmorphia-be-considered-an-eating-disorder/', 'https://www.betterhelp.com/advice/body-dysmorphic-disorder/how-your-body-image-affects-you/', 'https://www.betterhelp.com/advice/body-dysmorphic-disorder/help-why-do-i-hate-my-body/', 'https://www.betterhelp.com/advice/body-dysmorphic-disorder/why-dont-i-love-my-body-a-description-of-what-its-like-to-have-body-dysmorphic-disorder/']"
body-language,"['https://www.betterhelp.com/advice/body-language/what-is-non-verbal-communication-and-why-does-it-matter/', 'https://www.betterhelp.com/advice/body-language/7-universal-facial-expressions-what-do-they-mean/', 'https://www.betterhelp.com/advice/body-language/how-to-tell-if-someone-is-lying-body-language-tells-you-what-they-wont/', 'https://www.betterhelp.com/advice/body-language/a-body-language-guide-15-common-nonverbal-cues/', 'https://www.betterhelp.com/advice/body-language/the-role-of-body-language-in-communication/', 'https://www.betterhelp.com/advice/body-language/how-to-tell-if-a-guy-likes-you-body-language-and-its-role-in-attraction/', 'https://www.betterhelp.com/advice/body-language/what-each-facial-expression-communicates-to-the-people-around-you/', 'https://www.betterhelp.com/advice/body-language/understanding-body-language-how-to-better-communicate-with-the-people-around-you/', 'https://www.betterhelp.com/advice/body-language/signs-he-secretly-likes-you-body-language-and-nonverbal-cues/', 'https://www.betterhelp.com/advice/body-language/flirting-body-language-being-sure-of-the-signs-you-send-before-making-your-move/', 'https://www.betterhelp.com/advice/body-language/understanding-body-language-in-social-settings/', 'https://www.betterhelp.com/advice/body-language/22-body-language-examples-and-what-they-show/']"
bullying,"['https://www.betterhelp.com/advice/bullying/what-to-do-when-teachers-bully-students-in-school/', 'https://www.betterhelp.com/advice/bullying/what-are-the-long-term-effects-of-bullying-and-how-do-you-overcome-them/', 'https://www.betterhelp.com/advice/bullying/how-to-stop-sibling-bullying-in-your-household/', 'https://www.betterhelp.com/advice/bullying/the-psychology-of-bullying-understanding-whats-behind-the-bully/', 'https://www.betterhelp.com/advice/bullying/how-to-stop-a-bully-from-hurting-you-and-others/', 'https://www.betterhelp.com/advice/bullying/how-to-handle-adult-bullying/', 'https://www.betterhelp.com/advice/bullying/how-to-address-bullying-at-work/', 'https://www.betterhelp.com/advice/bullying/how-to-deal-with-bullies-effectively/', 'https://www.betterhelp.com/advice/bullying/october-is-national-bullying-prevention-month-heres-how-you-can-get-involved/', 'https://www.betterhelp.com/advice/bullying/an-overview-of-general-bullying-facts/', 'https://www.betterhelp.com/advice/bullying/what-is-verbal-bullying-and-how-does-it-happen/', 'https://www.betterhelp.com/advice/bullying/the-body-language-definition-what-is-it-and-why-does-it-matter/']"
careers,"['https://www.betterhelp.com/advice/careers/what-is-imposter-syndrome-and-how-to-overcome-it/', 'https://www.betterhelp.com/advice/careers/define-burnout-in-the-workplace/', 'https://www.betterhelp.com/advice/careers/symptoms-of-burnout-and-how-to-combat-them/', 'https://www.betterhelp.com/advice/careers/why-work-burnout-happens-and-how-to-deal-with-it/', 'https://www.betterhelp.com/advice/careers/how-to-deal-with-stress-at-work-successfully/', 'https://www.betterhelp.com/advice/careers/can-i-learn-how-to-manage-stress-at-work/', 'https://www.betterhelp.com/advice/careers/four-ways-job-burnout-can-destroy-your-career/', 'https://www.betterhelp.com/advice/careers/10-popular-careers-with-a-psychology-degree/', 'https://www.betterhelp.com/advice/careers/considering-work-in-a-helping-profession-six-careers-in-psychology/', 'https://www.betterhelp.com/advice/careers/how-career-counselors-can-help-you-find-your-calling/', 'https://www.betterhelp.com/advice/careers/things-to-be-wary-of-before-pursuing-a-psychiatrist-career/', 'https://www.betterhelp.com/advice/careers/interested-in-pursuing-forensic-psychology-careers-here-are-five-or-more-options-to-consider/']"
chat,"['https://www.betterhelp.com/advice/chat/online-therapeutic-chat-alternatives/', 'https://www.betterhelp.com/advice/chat/the-dangers-of-private-chat-rooms-online/', 'https://www.betterhelp.com/advice/chat/how-do-i-know-if-i-am-addicted-to-private-chat-rooms-online/', 'https://www.betterhelp.com/advice/chat/the-dangers-of-text-chat-with-strangers/', 'https://www.betterhelp.com/advice/chat/the-pros-and-cons-of-video-chat-with-random-people/', 'https://www.betterhelp.com/advice/chat/what-are-the-most-helpful-chatrooms-online-free-websites/', 'https://www.betterhelp.com/advice/chat/top-places-to-chat-online-with-people/', 'https://www.betterhelp.com/advice/chat/is-it-normal-to-talk-to-random-people-online/', 'https://www.betterhelp.com/advice/chat/the-pros-and-cons-of-online-chat-rooms/', 'https://www.betterhelp.com/advice/chat/5-sure-fire-ways-to-talk-to-people-online/', 'https://www.betterhelp.com/advice/chat/is-it-healthy-to-chat-with-random-people-online/', 'https://www.betterhelp.com/advice/chat/is-a-depression-chat-room-right-for-me/']"
childhood,"['https://www.betterhelp.com/advice/childhood/add-in-children-why-medication-isnt-the-only-option/', 'https://www.betterhelp.com/advice/childhood/child-depression-how-can-i-know-if-my-child-is-depressed/', 'https://www.betterhelp.com/advice/childhood/what-are-the-short-and-long-term-psychological-effects-of-yelling-at-a-child/', 'https://www.betterhelp.com/advice/childhood/mental-health-and-safety-how-addiction-impacts-children-of-addicts/', 'https://www.betterhelp.com/advice/childhood/preparing-for-the-stages-of-early-childhood-development/', 'https://www.betterhelp.com/advice/childhood/signs-and-symptoms-of-childhood-schizophrenia/', 'https://www.betterhelp.com/advice/childhood/what-is-early-childhood-intervention-and-should-i-consider-it-for-my-child/', 'https://www.betterhelp.com/advice/childhood/how-does-childhood-trauma-affect-adulthood/', 'https://www.betterhelp.com/advice/childhood/4-ways-that-adverse-childhood-experiences-affect-adults/', 'https://www.betterhelp.com/advice/childhood/childhood-depression-prevalence-symptoms-and-treatment/', 'https://www.betterhelp.com/advice/childhood/cognitive-and-physical-early-childhood-development/', 'https://www.betterhelp.com/advice/childhood/what-is-project-safe-childhood-and-why-is-it-important/']"
counseling,"['https://www.betterhelp.com/advice/counseling/why-todays-couples-are-seeking-free-relationship-counseling-online/', 'https://www.betterhelp.com/advice/counseling/free-online-counseling-services-for-chronic-mental-health-symptoms-whats-the-catch/', 'https://www.betterhelp.com/advice/counseling/warning-signs-of-an-abusive-counselor/', 'https://www.betterhelp.com/advice/counseling/im-struggling-with-an-addiction-can-i-find-a-substance-abuse-counselor-near-me/', 'https://www.betterhelp.com/advice/counseling/where-can-i-find-domestic-violence-counseling-near-me/', 'https://www.betterhelp.com/advice/counseling/where-can-i-find-child-counselors-near-me/', 'https://www.betterhelp.com/advice/counseling/im-ready-to-find-drug-counseling-near-me-where-should-i-start/', 'https://www.betterhelp.com/advice/counseling/what-does-lpc-stand-for-in-counseling/', 'https://www.betterhelp.com/advice/counseling/finding-the-best-divorce-counseling-near-me/', 'https://www.betterhelp.com/advice/counseling/what-to-expect-in-a-counseling-session/', 'https://www.betterhelp.com/advice/counseling/reaching-out-for-help-where-can-i-find-teen-counseling-near-me/', 'https://www.betterhelp.com/advice/counseling/where-can-i-find-premarital-counseling-near-me/']"
dating,"['https://www.betterhelp.com/advice/dating/9-things-to-know-about-dating-someone-with-bpd/', 'https://www.betterhelp.com/advice/dating/11-signs-you-might-be-dating-an-alcoholic/', 'https://www.betterhelp.com/advice/dating/are-you-sabotaging-your-intimate-relationships-an-online-dating-coach-can-help/', 'https://www.betterhelp.com/advice/dating/what-does-teen-dating-violence-look-like/', 'https://www.betterhelp.com/advice/dating/speed-dating-advice-to-help-you-have-the-best-experience/', 'https://www.betterhelp.com/advice/dating/all-you-need-to-know-about-dating-a-woman-with-kids/', 'https://www.betterhelp.com/advice/dating/what-dating-scams-are-popular-and-how-to-avoid-them/', 'https://www.betterhelp.com/advice/dating/how-to-make-internet-dating-work-for-you/', 'https://www.betterhelp.com/advice/dating/8-tips-on-dating-someone-with-depression/', 'https://www.betterhelp.com/advice/dating/how-to-start-dating-at-different-stages-of-life/', 'https://www.betterhelp.com/advice/dating/things-to-know-when-dating-a-single-mom/', 'https://www.betterhelp.com/advice/dating/how-to-set-healthy-boundaries-in-dating/']"
defense-mechanisms,"['https://www.betterhelp.com/advice/defense-mechanisms/3-reasons-why-someone-may-have-a-conversion-defense-mechanism/', 'https://www.betterhelp.com/advice/defense-mechanisms/the-splitting-defense-mechanism-how-it-can-damage-your-relationships-without-you-knowing/', 'https://www.betterhelp.com/advice/defense-mechanisms/rationalization-defense-mechanism-or-logical-fallacy/', 'https://www.betterhelp.com/advice/defense-mechanisms/psychological-defense-mechanisms-you-may-see-in-therapy/', 'https://www.betterhelp.com/advice/defense-mechanisms/what-is-the-projection-defense-mechanism-and-how-it-works/', 'https://www.betterhelp.com/advice/defense-mechanisms/why-intellectualization-is-not-always-healthy/']"
dementia,"['https://www.betterhelp.com/advice/dementia/8-tests-for-finding-cognitive-errors-in-dementia-patients/', 'https://www.betterhelp.com/advice/dementia/dementia-statistics-you-need-to-know/', 'https://www.betterhelp.com/advice/dementia/vascular-dementia-symptoms-and-possible-treatments/', 'https://www.betterhelp.com/advice/dementia/subcortical-vascular-dementia-what-it-is-and-what-to-expect-if-you-have-it/', 'https://www.betterhelp.com/advice/dementia/the-pathophysiology-of-dementia-what-causes-it/', 'https://www.betterhelp.com/advice/dementia/what-is-diffuse-lewy-body-dementia/', 'https://www.betterhelp.com/advice/dementia/medications-for-dementia-can-help-significantly/', 'https://www.betterhelp.com/advice/dementia/dementia-praecox-definition-causes-symptoms-and-treatment/', 'https://www.betterhelp.com/advice/dementia/the-link-between-hearing-loss-and-dementia/', 'https://www.betterhelp.com/advice/dementia/dealing-with-dementia-how-to-help-someone-you-love/', 'https://www.betterhelp.com/advice/dementia/what-is-frontal-lobe-dementia/', 'https://www.betterhelp.com/advice/dementia/delirium-vs-dementia-understanding-the-differences/']"
Depression,"['https://www.betterhelp.com/advice/depression/how-to-diagnosis-depression-how-to-cope-after-a-diagnosis/', 'https://www.betterhelp.com/advice/depression/depression-in-older-adults-can-it-develop-after-retirement/', 'https://www.betterhelp.com/advice/depression/melatoin-depression-and-happiness-whats-the-connection/', 'https://www.betterhelp.com/advice/depression/minor-depression-is-there-such-a-thing/', 'https://www.betterhelp.com/advice/depression/understanding-facebook-depression-and-anxiety/', 'https://www.betterhelp.com/advice/depression/managing-depression-can-i-do-it-on-my-own/', 'https://www.betterhelp.com/advice/depression/depression-brain-scan-what-it-can-show/', 'https://www.betterhelp.com/advice/depression/what-should-i-know-about-dsm-v-depression/', 'https://www.betterhelp.com/advice/depression/is-there-a-cure-for-depression/', 'https://www.betterhelp.com/advice/depression/depression-in-the-elderly-causes-symptoms-and-precautions/', 'https://www.betterhelp.com/advice/depression/how-depression-symptoms-in-women-are-different-from-depression-symptoms-in-men/', 'https://www.betterhelp.com/advice/depression/what-is-major-depression-disorder/']"
domestic-violence,"['https://www.betterhelp.com/advice/domestic-violence/movies-about-depression-may-help-people-understand-the-illness-better/', 'https://www.betterhelp.com/advice/domestic-violence/resources-to-help-cope-with-domestic-violence-shelters-hotlines-groups-and-more/', 'https://www.betterhelp.com/advice/domestic-violence/where-to-look-for-online-domestic-violence-resources/', 'https://www.betterhelp.com/advice/domestic-violence/what-is-rainn/', 'https://www.betterhelp.com/advice/domestic-violence/how-can-we-help-male-victims-of-domestic-violence/', 'https://www.betterhelp.com/advice/domestic-violence/what-are-the-causes-of-domestic-violence/', 'https://www.betterhelp.com/advice/domestic-violence/domestic-violence-laws-and-how-they-can-help-you/', 'https://www.betterhelp.com/advice/domestic-violence/what-different-types-of-domestic-violence-are-there/', 'https://www.betterhelp.com/advice/domestic-violence/important-tips-for-domestic-violence-prevention/', 'https://www.betterhelp.com/advice/domestic-violence/how-to-help-survivors-and-victims-of-domestic-violence/', 'https://www.betterhelp.com/advice/domestic-violence/how-do-i-sign-up-for-domestic-violence-classes/', 'https://www.betterhelp.com/advice/domestic-violence/a-history-of-domestic-violence-how-much-have-things-changed/']"
eating-disorders,"['https://www.betterhelp.com/advice/eating-disorders/what-is-the-most-effective-anorexia-nervosa-treatment/', 'https://www.betterhelp.com/advice/eating-disorders/eating-disorder-recovery-learning-when-to-seek-help/', 'https://www.betterhelp.com/advice/eating-disorders/cant-stop-eating-how-you-can-overcome-binge-eating-disorder/', 'https://www.betterhelp.com/advice/eating-disorders/treatment-for-anorexia-ways-to-manage-and-overcome-anorexia/', 'https://www.betterhelp.com/advice/eating-disorders/but-im-not-skinny-how-anorexia-nervosa-is-typically-characterized-by-one-body-shape/', 'https://www.betterhelp.com/advice/eating-disorders/how-to-help-someone-with-an-eating-disorder-lending-support-and-leading-intervention/', 'https://www.betterhelp.com/advice/eating-disorders/how-do-you-define-binge-drinking-6-signs-and-symptoms/', 'https://www.betterhelp.com/advice/eating-disorders/how-to-overcome-food-addiction-eating-for-strength/', 'https://www.betterhelp.com/advice/eating-disorders/can-taking-an-eating-disorder-quiz-help-you-determine-if-you-truly-have-an-eating-disorder/', 'https://www.betterhelp.com/advice/eating-disorders/what-is-selective-eating-disorder/', 'https://www.betterhelp.com/advice/eating-disorders/eating-disorder-symptoms-what-to-look-for-in-your-loved-ones/', 'https://www.betterhelp.com/advice/eating-disorders/binge-eating-disorder-treatment-options/']"
family,"['https://www.betterhelp.com/advice/family/9-tips-for-adult-children-of-alcoholic-parents-who-want-to-help/', 'https://www.betterhelp.com/advice/family/family-roles-in-addiction-can-family-help-with-substance-abuse-challenges/', 'https://www.betterhelp.com/advice/family/22-blended-family-quotes-that-you-can-relate-to/', 'https://www.betterhelp.com/advice/family/what-is-structural-family-therapy-sft/', 'https://www.betterhelp.com/advice/family/improving-family-dynamics-and-communication/', 'https://www.betterhelp.com/advice/family/8-common-family-issues-and-how-to-solve-them/', 'https://www.betterhelp.com/advice/family/family-therapy-techniques-how-family-counseling-works/', 'https://www.betterhelp.com/advice/family/6-ways-to-thrive-as-a-blended-family/', 'https://www.betterhelp.com/advice/family/what-contributes-to-a-happy-family/', 'https://www.betterhelp.com/advice/family/how-to-deal-with-a-death-in-the-family/', 'https://www.betterhelp.com/advice/family/family-reunion-ideas-to-make-your-event-extra-special/', 'https://www.betterhelp.com/advice/family/why-am-i-always-fighting-with-my-family/']"
friendship,"['https://www.betterhelp.com/advice/friendship/what-to-do-when-having-no-friends-is-starting-to-get-to-you/', 'https://www.betterhelp.com/advice/friendship/important-tips-for-how-to-help-a-depressed-friend-in-need/', 'https://www.betterhelp.com/advice/friendship/symbols-of-friendship-around-the-world/', 'https://www.betterhelp.com/advice/friendship/how-to-end-a-friendship-amicably/', 'https://www.betterhelp.com/advice/friendship/the-poetry-of-relationships-8-friendship-poems-for-you-to-read/', 'https://www.betterhelp.com/advice/friendship/songs-about-friendship-that-you-can-relate-to/', 'https://www.betterhelp.com/advice/friendship/what-is-true-friendship/', 'https://www.betterhelp.com/advice/friendship/little-things-that-ruin-the-friendship/', 'https://www.betterhelp.com/advice/friendship/what-friendship-ended-with-quotes-and-memes-are-relatable-to-you/', 'https://www.betterhelp.com/advice/friendship/define-friend-a-good-understanding-of-the-friend-definition/', 'https://www.betterhelp.com/advice/friendship/the-true-friends-guide-how-to-be-a-good-friend/', 'https://www.betterhelp.com/advice/friendship/what-are-the-best-friendship-quotes/']"
general,"['https://www.betterhelp.com/advice/general/5-positive-coping-skills-that-will-change-your-life/', 'https://www.betterhelp.com/advice/general/what-is-the-definition-of-empathy-and-why-does-empathy-matter/', 'https://www.betterhelp.com/advice/general/how-to-recognize-disorganized-speech-and-what-to-do-about-it/', 'https://www.betterhelp.com/advice/general/how-can-i-get-off-this-emotional-rollercoaster/', 'https://www.betterhelp.com/advice/general/definition-of-somatization-and-how-it-impacts-your-mental-health/', 'https://www.betterhelp.com/advice/general/7-healthy-coping-mechanism-tools-to-help-you-work-through-lifes-challenges/', 'https://www.betterhelp.com/advice/general/what-is-compassion-fatigue-and-how-to-overcome-it/', 'https://www.betterhelp.com/advice/general/i-hate-being-alone-how-to-be-more-comfortable-spending-time-by-yourself/', 'https://www.betterhelp.com/advice/general/types-of-dysregulation-definition-and-differences/', 'https://www.betterhelp.com/advice/general/im-scared-5-tips-to-help-you-cope-with-the-covid-19-pandemic/', 'https://www.betterhelp.com/advice/general/feeling-off-how-to-determine-what-the-problem-is/', 'https://www.betterhelp.com/advice/general/8-ways-to-participate-in-mental-health-awareness-month/']"
grief,"['https://www.betterhelp.com/advice/grief/how-to-cope-when-a-pet-dies/', 'https://www.betterhelp.com/advice/grief/what-to-do-when-a-beloved-pet-passes-away-grieving-the-loss-of-a-pet-after-euthanasia/', 'https://www.betterhelp.com/advice/grief/dealing-with-heartache-what-to-say-when-a-pet-dies/', 'https://www.betterhelp.com/advice/grief/10-tips-that-can-make-coping-with-loss-easier/', 'https://www.betterhelp.com/advice/grief/what-to-say-to-a-grieving-friend-5-tips-for-helping-a-friend-cope-with-grief/', 'https://www.betterhelp.com/advice/grief/how-to-process-complicated-grief-in-healthy-ways/', 'https://www.betterhelp.com/advice/grief/how-to-deal-with-grief-after-losing-someone-you-love/', 'https://www.betterhelp.com/advice/grief/understanding-emotional-agony-and-how-it-changes-us/', 'https://www.betterhelp.com/advice/grief/how-to-deal-with-intense-sadness-and-sorrow-after-a-death/', 'https://www.betterhelp.com/advice/grief/what-is-emotional-distress-an-overview/', 'https://www.betterhelp.com/advice/grief/what-is-psychological-distress-an-overview/', 'https://www.betterhelp.com/advice/grief/how-anguish-affects-you/']"
guilt,"['https://www.betterhelp.com/advice/guilt/how-to-stop-blaming-others-start-making-positive-changes-in-your-life/', 'https://www.betterhelp.com/advice/guilt/learning-to-cope-with-toxic-shame/', 'https://www.betterhelp.com/advice/guilt/dealing-with-guilt-definition-coping-mechanisms-and-prevention/', 'https://www.betterhelp.com/advice/guilt/forgiving-yourself-how-to-deal-with-guilt/', 'https://www.betterhelp.com/advice/guilt/guilt-quotes-to-help-you-overcome-and-move-on/', 'https://www.betterhelp.com/advice/guilt/aspects-of-the-war-guilt-clause-what-it-tells-us/', 'https://www.betterhelp.com/advice/guilt/18-guilt-synonyms-and-when-to-use-them/', 'https://www.betterhelp.com/advice/guilt/initiative-vs-guilt-a-stage-of-psychosocial-development/', 'https://www.betterhelp.com/advice/guilt/guilt-vs-shame-whats-the-difference-and-why-does-it-matter/', 'https://www.betterhelp.com/advice/guilt/first-steps-towards-overcoming-survivors-guilt/', 'https://www.betterhelp.com/advice/guilt/understanding-guilt-by-association/', 'https://www.betterhelp.com/advice/guilt/understanding-why-you-are-wracked-with-guilt/']"
happiness,"['https://www.betterhelp.com/advice/happiness/why-am-i-never-happy-how-to-determine-if-you-might-be-struggling-with-mental-illness/', 'https://www.betterhelp.com/advice/happiness/how-to-feel-happy-when-plans-change/', 'https://www.betterhelp.com/advice/happiness/joy-vs-happiness-whats-the-difference/', 'https://www.betterhelp.com/advice/happiness/the-key-to-happiness-what-you-should-seek-out-of-life/', 'https://www.betterhelp.com/advice/happiness/how-do-we-define-happiness-the-true-meaning-of-joy/', 'https://www.betterhelp.com/advice/happiness/how-to-be-happy-book-recommendations-that-can-help/', 'https://www.betterhelp.com/advice/happiness/happy-families-are-all-alike-myth-or-truth/', 'https://www.betterhelp.com/advice/happiness/happy-ending-stories-to-inspire-you/', 'https://www.betterhelp.com/advice/happiness/do-antidepressants-make-you-happy/', 'https://www.betterhelp.com/advice/happiness/peaceful-parent-happy-kids-what-it-takes-to-raise-well-adjusted-children-in-todays-world/', 'https://www.betterhelp.com/advice/happiness/how-happy-breakup-songs-can-help-you-move-forward/', 'https://www.betterhelp.com/advice/happiness/my-life-is-great-so-why-cant-i-be-happy/']"
how-to,"['https://www.betterhelp.com/advice/how-to/how-to-deal-with-anxiety-and-depression-when-you-dont-have-energy/', 'https://www.betterhelp.com/advice/how-to/how-to-handle-a-narcissist-and-protect-yourself/', 'https://www.betterhelp.com/advice/how-to/10-tips-for-how-to-deal-with-a-narcissist-boyfriend/', 'https://www.betterhelp.com/advice/how-to/how-to-spot-a-narcissist-5-things-to-look-for/', 'https://www.betterhelp.com/advice/how-to/how-to-give-someone-space-and-why-its-important/', 'https://www.betterhelp.com/advice/how-to/how-to-get-your-mind-off-something-the-best-ways-to-distract-a-run-away-brain/', 'https://www.betterhelp.com/advice/how-to/how-to-leave-a-narcissist-when-you-cant-make-it-work-any-longer/', 'https://www.betterhelp.com/advice/how-to/how-to-quit-smoking-7-tips-to-overcoming-the-addiction/', 'https://www.betterhelp.com/advice/how-to/seven-tips-on-how-to-improve-mental-health/', 'https://www.betterhelp.com/advice/how-to/how-to-deal-with-regret-moving-forward-from-the-past/', 'https://www.betterhelp.com/advice/how-to/how-to-quit-drinking-7-tips-to-help-you-kick-the-habit-for-good/', 'https://www.betterhelp.com/advice/how-to/how-to-help-someone-who-is-depressed-3-steps-to-make-a-difference/']"
huntington-disease,"['https://www.betterhelp.com/advice/huntington-disease/understanding-juvenile-huntingtons-disease/', 'https://www.betterhelp.com/advice/huntington-disease/what-is-the-prognosis-and-huntingtons-disease-life-expectancy/', 'https://www.betterhelp.com/advice/huntington-disease/what-is-the-huntingtons-disease-treatment/', 'https://www.betterhelp.com/advice/huntington-disease/what-is-huntingtons-disease-and-how-is-it-defined/', 'https://www.betterhelp.com/advice/huntington-disease/the-huntingtons-disease-symptoms-you-should-know/', 'https://www.betterhelp.com/advice/huntington-disease/huntingtons-disease-cause-what-is-it/', 'https://www.betterhelp.com/advice/huntington-disease/what-are-some-of-the-means-for-huntingtons-disease-diagnosis/', 'https://www.betterhelp.com/advice/huntington-disease/huntingtons-disease-facts-and-statistics/', 'https://www.betterhelp.com/advice/huntington-disease/how-the-huntingtons-disease-gene-affects-how-its-inherited/']"
impulse-control-disorder,"['https://www.betterhelp.com/advice/impulse-control-disorder/how-to-help-an-alcoholic-5-tips-to-make-recovery-easier-on-them/', 'https://www.betterhelp.com/advice/impulse-control-disorder/what-is-religious-ocd-and-can-it-be-treated/', 'https://www.betterhelp.com/advice/impulse-control-disorder/my-significant-other-has-control-issues-what-do-i-do/', 'https://www.betterhelp.com/advice/impulse-control-disorder/are-you-a-compulsive-gambler-here-are-the-signs/', 'https://www.betterhelp.com/advice/impulse-control-disorder/8-signs-of-internet-addiction/', 'https://www.betterhelp.com/advice/impulse-control-disorder/is-online-shopping-addiction-real/', 'https://www.betterhelp.com/advice/impulse-control-disorder/people-pleasing-learning-to-say-no-to-others/', 'https://www.betterhelp.com/advice/impulse-control-disorder/gambling-anonymous-is-it-as-effective-as-aa/', 'https://www.betterhelp.com/advice/impulse-control-disorder/what-is-skin-picking-disorder/', 'https://www.betterhelp.com/advice/impulse-control-disorder/what-does-ocd-look-like-how-to-spot-ocd-symptoms-and-treat-them/', 'https://www.betterhelp.com/advice/impulse-control-disorder/tapering-off-alcohol-how-it-works-and-how-it-can-work-for-you/', 'https://www.betterhelp.com/advice/impulse-control-disorder/is-addiction-a-choice-how-addictions-start-and-why-they-can-be-hard-to-stop/']"
intimacy,"['https://www.betterhelp.com/advice/intimacy/how-sexual-fetishism-can-impact-your-relationship/', 'https://www.betterhelp.com/advice/intimacy/when-should-you-seek-help-as-a-female-sex-addict/', 'https://www.betterhelp.com/advice/intimacy/what-is-post-coital-dysphoria/', 'https://www.betterhelp.com/advice/intimacy/what-can-i-do-to-alleviate-feelings-of-sexual-shame/', 'https://www.betterhelp.com/advice/intimacy/sexual-anorexia-why-am-i-so-afraid-of-sex/', 'https://www.betterhelp.com/advice/intimacy/learning-how-to-cope-with-female-orgasmic-disorder/', 'https://www.betterhelp.com/advice/intimacy/im-dating-a-sex-addict-what-can-i-do-to-help-my-partner/', 'https://www.betterhelp.com/advice/intimacy/7-tips-for-having-more-intimate-sex/', 'https://www.betterhelp.com/advice/intimacy/my-wife-has-no-desire-for-sex-what-can-i-do-to-improve-our-sex-lives/', 'https://www.betterhelp.com/advice/intimacy/what-are-the-signs-that-someone-has-a-sexual-addiction/', 'https://www.betterhelp.com/advice/intimacy/understanding-sex-addiction-symptoms-and-knowing-when-to-get-help/', 'https://www.betterhelp.com/advice/intimacy/what-is-sex-addiction-treatment-and-does-it-work/']"
loneliness,"['https://www.betterhelp.com/advice/loneliness/is-it-normal-to-feel-lonely-in-marriage/', 'https://www.betterhelp.com/advice/loneliness/why-do-i-always-feel-sad-and-lonely/', 'https://www.betterhelp.com/advice/loneliness/im-so-lonely-how-to-build-meaningful-social-connections/', 'https://www.betterhelp.com/advice/loneliness/im-married-and-lonely-what-do-i-do/', 'https://www.betterhelp.com/advice/loneliness/how-to-fight-the-loneliness-epidemic/', 'https://www.betterhelp.com/advice/loneliness/loneliness-quotes-for-support/', 'https://www.betterhelp.com/advice/loneliness/what-is-the-opposite-of-loneliness/', 'https://www.betterhelp.com/advice/loneliness/what-are-the-signs-of-loneliness-and-symptoms-you-shouldnt-ignore/', 'https://www.betterhelp.com/advice/loneliness/7-tips-for-how-to-deal-with-loneliness/', 'https://www.betterhelp.com/advice/loneliness/what-does-the-ucla-loneliness-scale-mean-for-my-life/', 'https://www.betterhelp.com/advice/loneliness/healing-for-the-brokenhearted-bible-verses-about-loneliness/', 'https://www.betterhelp.com/advice/loneliness/selection-of-the-best-loneliness-art/']"
love,"['https://www.betterhelp.com/advice/love/are-you-in-a-relationship-with-a-narcissist-here-are-6-narcissistic-love-patterns-to-watch-out-for/', 'https://www.betterhelp.com/advice/love/how-to-know-when-its-time-to-walk-away-from-love/', 'https://www.betterhelp.com/advice/love/what-is-the-love-hand-sign-expressing-love-in-different-ways-and-languages/', 'https://www.betterhelp.com/advice/love/is-he-truly-in-love-questions-you-can-ask-your-boyfriend-to-find-out/', 'https://www.betterhelp.com/advice/love/i-love-your-soul-the-power-of-intimate-connections/', 'https://www.betterhelp.com/advice/love/i-love-love-is-it-codependency-what-to-do-when-youre-addicted-to-love/', 'https://www.betterhelp.com/advice/love/attachment-styles-we-were-all-born-to-love/', 'https://www.betterhelp.com/advice/love/i-love-you-to-the-moon-and-back-origin-behind-the-phrase/', 'https://www.betterhelp.com/advice/love/how-to-love-who-you-are/', 'https://www.betterhelp.com/advice/love/im-going-to-love-you-forever-how-to-build-a-lasting-bond/', 'https://www.betterhelp.com/advice/love/i-love-smoking-so-why-should-i-stop/', 'https://www.betterhelp.com/advice/love/does-he-really-love-the-other-woman-coming-to-terms-with-infidelity/']"
marriage,"['https://www.betterhelp.com/advice/marriage/when-is-it-time-to-divorce-learning-when-to-call-it-quits/', 'https://www.betterhelp.com/advice/marriage/10-tips-for-coping-with-divorce/', 'https://www.betterhelp.com/advice/marriage/7-tips-on-how-to-deal-with-a-narcissist-husband/', 'https://www.betterhelp.com/advice/marriage/4-narcissistic-marriage-problems-to-watch-out-for/', 'https://www.betterhelp.com/advice/marriage/why-couples-are-using-free-marriage-counseling-online-to-save-their-primary-relationships/', 'https://www.betterhelp.com/advice/marriage/marriage-statistics-do-marriages-really-last/', 'https://www.betterhelp.com/advice/marriage/building-a-good-marriage-with-your-spouse/', 'https://www.betterhelp.com/advice/marriage/marriage-today-why-get-married/', 'https://www.betterhelp.com/advice/marriage/marriage-advice-to-cherish-to-file-away-and-to-ignore/', 'https://www.betterhelp.com/advice/marriage/living-together-before-marriage-is-it-worth-it/', 'https://www.betterhelp.com/advice/marriage/10-common-marriage-problems-and-how-to-deal-with-them/', 'https://www.betterhelp.com/advice/marriage/are-you-in-an-unhappy-marriage-therapy-can-help/']"
medication,"['https://www.betterhelp.com/advice/medication/is-wellbutrin-an-ssri/', 'https://www.betterhelp.com/advice/medication/what-is-the-difference-between-an-ssri-and-an-snri/', 'https://www.betterhelp.com/advice/medication/can-taking-an-ssri-for-anxiety-help/', 'https://www.betterhelp.com/advice/medication/safe-ways-to-handle-ssri-withdrawal/', 'https://www.betterhelp.com/advice/medication/what-is-ssri-everything-you-need-to-know/', 'https://www.betterhelp.com/advice/medication/what-does-dopamine-do-in-the-brain-and-what-is-its-function/', 'https://www.betterhelp.com/advice/medication/6-ssri-drugs-and-how-they-work/', 'https://www.betterhelp.com/advice/medication/14-common-ssri-side-effects/', 'https://www.betterhelp.com/advice/medication/dopamine-addiction-what-is-it-and-how-to-overcome-it/', 'https://www.betterhelp.com/advice/medication/do-dopamine-supplements-really-work/', 'https://www.betterhelp.com/advice/medication/where-is-oxytocin-produced-in-the-body/', 'https://www.betterhelp.com/advice/medication/what-is-dopamine-and-how-does-it-affect-the-brain-and-the-body/']"
memory,"['https://www.betterhelp.com/advice/memory/12-tips-on-improving-memory/', 'https://www.betterhelp.com/advice/memory/improve-your-memory-with-these-5-memory-boosting-exercises/', 'https://www.betterhelp.com/advice/memory/what-are-the-three-stages-of-memory/', 'https://www.betterhelp.com/advice/memory/using-chunking-memory-to-improve-your-memory-retention/', 'https://www.betterhelp.com/advice/memory/what-can-priming-memory-help-us-with/', 'https://www.betterhelp.com/advice/memory/what-is-lost-time-memory-and-how-does-it-affect-us/', 'https://www.betterhelp.com/advice/memory/what-can-the-persistence-of-memory-tell-us/', 'https://www.betterhelp.com/advice/memory/how-can-institutional-memory-affect-us/', 'https://www.betterhelp.com/advice/memory/what-can-transactive-memory-tell-us/', 'https://www.betterhelp.com/advice/memory/what-can-verbal-memory-help-us-remember/', 'https://www.betterhelp.com/advice/memory/how-does-secondary-memory-affect-our-lives/', 'https://www.betterhelp.com/advice/memory/differences-between-prospective-memory-and-retrospective/']"
menopause,"['https://www.betterhelp.com/advice/menopause/menopause-and-depression-overcoming-one-of-the-most-common-symptoms-of-menopause/', 'https://www.betterhelp.com/advice/menopause/what-are-the-reasons-for-surgical-menopause/', 'https://www.betterhelp.com/advice/menopause/what-are-the-signs-of-early-menopause/', 'https://www.betterhelp.com/advice/menopause/how-to-fight-menopause-weight-gain/', 'https://www.betterhelp.com/advice/menopause/the-connection-between-menopause-and-anxiety/', 'https://www.betterhelp.com/advice/menopause/yes-sex-after-menopause-is-still-possible/', 'https://www.betterhelp.com/advice/menopause/what-is-menopause-and-when-does-it-happen/', 'https://www.betterhelp.com/advice/menopause/does-male-menopause-exist-what-are-the-signs/', 'https://www.betterhelp.com/advice/menopause/what-does-it-mean-if-youre-bleeding-after-menopause/', 'https://www.betterhelp.com/advice/menopause/all-about-menopause-menopause-age-duration-symptoms-and-more/', 'https://www.betterhelp.com/advice/menopause/16-most-common-menopause-treatments/', 'https://www.betterhelp.com/advice/menopause/31-most-common-menopause-symptoms/']"
midlife-crisis,"['https://www.betterhelp.com/advice/midlife-crisis/what-is-an-existential-crisis-and-how-can-it-be-resolved/', 'https://www.betterhelp.com/advice/midlife-crisis/what-is-a-mid-life-crisis-what-you-need-to-know/']"
mindfulness,"['https://www.betterhelp.com/advice/mindfulness/the-top-six-mental-health-benefits-of-exercise/', 'https://www.betterhelp.com/advice/mindfulness/ways-to-improve-mental-health-through-self-care/', 'https://www.betterhelp.com/advice/mindfulness/11-mental-health-activities-that-encourage-emotional-wellness/', 'https://www.betterhelp.com/advice/mindfulness/five-healthy-coping-skills-for-facing-setbacks/', 'https://www.betterhelp.com/advice/mindfulness/why-is-emotional-wellness-so-important/', 'https://www.betterhelp.com/advice/mindfulness/what-is-self-care-techniques-and-methods-for-mental-emotional-and-physical-well-being/', 'https://www.betterhelp.com/advice/mindfulness/the-eight-dimensions-of-wellness-learning-balance-in-life/', 'https://www.betterhelp.com/advice/mindfulness/feeling-stressed-and-anxious-you-may-need-an-emotional-release/', 'https://www.betterhelp.com/advice/mindfulness/is-being-mindful-important-in-college/', 'https://www.betterhelp.com/advice/mindfulness/what-is-self-care-and-how-to-practice-it/', 'https://www.betterhelp.com/advice/mindfulness/seven-benefits-of-exercise/', 'https://www.betterhelp.com/advice/mindfulness/why-should-you-read-a-mindfulness-book/']"
monogamy,"['https://www.betterhelp.com/advice/monogamy/everything-you-need-to-know-about-monogamy-vs-polygamy/', 'https://www.betterhelp.com/advice/monogamy/what-is-ethical-non-monogamy/', 'https://www.betterhelp.com/advice/monogamy/monogamy-how-is-it-defined/', 'https://www.betterhelp.com/advice/monogamy/understanding-serial-monogamy/']"
morality,"['https://www.betterhelp.com/advice/morality/does-virtual-morality-have-an-effect-on-us/', 'https://www.betterhelp.com/advice/morality/what-can-the-wheel-of-morality-tell-us/', 'https://www.betterhelp.com/advice/morality/what-can-blue-and-orange-morality-tell-us/', 'https://www.betterhelp.com/advice/morality/how-does-heteronomous-morality-differ-from-autonomous-morality/', 'https://www.betterhelp.com/advice/morality/what-is-slave-morality/', 'https://www.betterhelp.com/advice/morality/morality-quotes-to-help-us-better-understand-ourselves/', 'https://www.betterhelp.com/advice/morality/what-can-we-learn-from-peter-singers-famine-affluence-and-morality/', 'https://www.betterhelp.com/advice/morality/what-can-a-morality-test-teach-us/', 'https://www.betterhelp.com/advice/morality/what-are-some-aspects-of-master-morality/', 'https://www.betterhelp.com/advice/morality/what-is-pre-conventional-morality/', 'https://www.betterhelp.com/advice/morality/an-overview-of-victorian-morality/', 'https://www.betterhelp.com/advice/morality/the-battle-between-morality-vs-ethics-which-one-wins/']"
motivation,"['https://www.betterhelp.com/advice/motivation/a-selection-of-the-best-motivation-memes-and-how-to-create-your-own/', 'https://www.betterhelp.com/advice/motivation/christian-motivation-during-the-tough-times/', 'https://www.betterhelp.com/advice/motivation/basketball-motivation-using-motivation-techniques-from-sports-and-life/', 'https://www.betterhelp.com/advice/motivation/crafting-a-great-lettre-de-motivation/', 'https://www.betterhelp.com/advice/motivation/military-motivation-special-challenges-and-techniques/', 'https://www.betterhelp.com/advice/motivation/motivation-funny-to-get-you-through-the-day/', 'https://www.betterhelp.com/advice/motivation/common-causes-of-lack-of-motivation-and-how-to-overcome-them/', 'https://www.betterhelp.com/advice/motivation/tips-to-find-achievement-motivation-and-success/', 'https://www.betterhelp.com/advice/motivation/the-truth-about-optimism-the-definition-and-example/', 'https://www.betterhelp.com/advice/motivation/ted-talks-for-motivation/', 'https://www.betterhelp.com/advice/motivation/improving-depression-motivation-techniques/', 'https://www.betterhelp.com/advice/motivation/monday-motivation-to-start-the-week-off-right/']"
neuroticism,"['https://www.betterhelp.com/advice/neuroticism/understanding-neurotic-disorders/', 'https://www.betterhelp.com/advice/neuroticism/what-is-the-neuroticism-test/', 'https://www.betterhelp.com/advice/neuroticism/how-to-tell-if-youre-neurotic/', 'https://www.betterhelp.com/advice/neuroticism/20-examples-of-neurotic-behavior/', 'https://www.betterhelp.com/advice/neuroticism/what-it-means-to-be-neurotic-the-contributing-factors/']"
optimism,"['https://www.betterhelp.com/advice/optimism/what-does-his-smile-and-optimism-gone-mean/', 'https://www.betterhelp.com/advice/optimism/the-optimism-definition-how-to-be-more-optimistic/', 'https://www.betterhelp.com/advice/optimism/optimism-quotes-to-make-your-day/', 'https://www.betterhelp.com/advice/optimism/20-methods-to-learn-optimism/', 'https://www.betterhelp.com/advice/optimism/what-is-optimism-bias-and-whats-the-harm-in-it/', 'https://www.betterhelp.com/advice/optimism/7-tips-to-increase-your-optimism-why-its-important/']"
panic-attacks,"['https://www.betterhelp.com/advice/panic-attacks/what-to-do-when-panic-attacks-happen-in-public/', 'https://www.betterhelp.com/advice/panic-attacks/panic-attack-signs-what-to-watch-for-and-when-to-seek-help/', 'https://www.betterhelp.com/advice/panic-attacks/what-happens-during-a-panic-attack-mental-and-physical-responses/', 'https://www.betterhelp.com/advice/panic-attacks/is-a-feeling-of-dread-a-sign-of-something-more-serious/', 'https://www.betterhelp.com/advice/panic-attacks/what-is-a-panic-attack/', 'https://www.betterhelp.com/advice/panic-attacks/how-to-treat-panic-attacks-and-manage-them/', 'https://www.betterhelp.com/advice/panic-attacks/what-causes-panic-attacks-and-how-can-you-stop-them/', 'https://www.betterhelp.com/advice/panic-attacks/learn-how-to-stop-a-panic-attack-in-its-tracks/', 'https://www.betterhelp.com/advice/panic-attacks/identifying-the-symptoms-of-panic-attack/', 'https://www.betterhelp.com/advice/panic-attacks/panic-attack-what-to-do-when-it-happens/', 'https://www.betterhelp.com/advice/panic-attacks/how-to-calm-down-from-a-panic-attack/', 'https://www.betterhelp.com/advice/panic-attacks/the-panic-attack-what-it-is-how-it-feels-and-dealing-with-it/']"
paranoia,"['https://www.betterhelp.com/advice/paranoia/11-most-common-paranoia-treatment/', 'https://www.betterhelp.com/advice/paranoia/what-can-a-paranoia-test-tell-us/', 'https://www.betterhelp.com/advice/paranoia/20-most-common-paranoia-symptoms/', 'https://www.betterhelp.com/advice/paranoia/finding-a-paranoia-definition-that-makes-sense-in-todays-world/', 'https://www.betterhelp.com/advice/paranoia/what-is-a-paranoia-test-why-is-it-needed/']"
parenting,"['https://www.betterhelp.com/advice/parenting/parenting-tips-for-the-first-time-parent/', 'https://www.betterhelp.com/advice/parenting/single-parenting-the-struggle-is-real/', 'https://www.betterhelp.com/advice/parenting/parenting-teenagers-tips-to-help-through-the-teen-years/', 'https://www.betterhelp.com/advice/parenting/what-is-co-parenting-the-pros-and-cons-to-consider/', 'https://www.betterhelp.com/advice/parenting/resources-for-parenting-articles-books-and-websites/', 'https://www.betterhelp.com/advice/parenting/good-parenting-practices-and-tips/', 'https://www.betterhelp.com/advice/parenting/what-is-gentle-parenting/', 'https://www.betterhelp.com/advice/parenting/what-is-permissive-parenting-definition-pros-and-cons/', 'https://www.betterhelp.com/advice/parenting/what-is-peaceful-parenting/', 'https://www.betterhelp.com/advice/parenting/looking-for-some-parenting-advice-8-tips-from-experts/', 'https://www.betterhelp.com/advice/parenting/what-is-attachment-parenting/', 'https://www.betterhelp.com/advice/parenting/how-parenting-styles-psychology-helps-to-shape-your-child/']"
personality,"['https://www.betterhelp.com/advice/personality/7-types-of-narcissists-and-what-to-look-for/', 'https://www.betterhelp.com/advice/personality/help-my-narcissist-husband-makes-me-feel-trapped/', 'https://www.betterhelp.com/advice/personality/symptoms-of-narcissism-what-to-watch-out-for/', 'https://www.betterhelp.com/advice/personality/passive-aggressive-behavior-what-it-looks-like-and-how-to-stop-it/', 'https://www.betterhelp.com/advice/personality/five-traits-of-a-narcissist/', 'https://www.betterhelp.com/advice/personality/what-does-narcissist-mean-in-psychology/', 'https://www.betterhelp.com/advice/personality/entj-personality-type-the-commander/', 'https://www.betterhelp.com/advice/personality/about-the-enfp-the-campaigner/', 'https://www.betterhelp.com/advice/personality/what-the-four-letter-personality-test-says-about-you/', 'https://www.betterhelp.com/advice/personality/is-helicopter-parenting-a-bad-thing/', 'https://www.betterhelp.com/advice/personality/all-about-intp-personality-type/', 'https://www.betterhelp.com/advice/personality/estj-personality-traits/']"
personality-disorders,"['https://www.betterhelp.com/advice/personality-disorders/dsm-5-bpd-signs-and-symptoms/', 'https://www.betterhelp.com/advice/personality-disorders/schizoid-personality-disorder-dsm-signs-and-symptoms/', 'https://www.betterhelp.com/advice/personality-disorders/dependent-personality-disorder-dsm-5-signs-and-symptoms/', 'https://www.betterhelp.com/advice/personality-disorders/what-is-a-narcissistic-personality-knowing-the-signs-and-symptoms/', 'https://www.betterhelp.com/advice/personality-disorders/the-5-most-common-symptoms-of-borderline-personality-disorder/', 'https://www.betterhelp.com/advice/personality-disorders/compulsive-talking-personality-disorder-or-idiosyncrasy/', 'https://www.betterhelp.com/advice/personality-disorders/13-signs-you-might-have-an-addictive-personality/', 'https://www.betterhelp.com/advice/personality-disorders/bpd-treatment-how-to-navigate-the-disorder/', 'https://www.betterhelp.com/advice/personality-disorders/histrionic-personality-disorder-treatment-does-it-work/', 'https://www.betterhelp.com/advice/personality-disorders/what-are-histrionic-personality-disorders/', 'https://www.betterhelp.com/advice/personality-disorders/how-to-live-with-a-narcissist-what-you-should-know/', 'https://www.betterhelp.com/advice/personality-disorders/pathological-narcissism-how-to-identify-the-signs/']"
persuasion,"['https://www.betterhelp.com/advice/persuasion/how-to-rise-above-indecisiveness/', 'https://www.betterhelp.com/advice/persuasion/gentle-persuasion-subtle-ways-to-get-what-you-want/', 'https://www.betterhelp.com/advice/persuasion/21-persuasion-techniques-to-help-you-get-what-you-want-most/', 'https://www.betterhelp.com/advice/persuasion/the-art-of-persuasion-what-it-is-and-how-to-practice-it/', 'https://www.betterhelp.com/advice/persuasion/what-can-we-learn-from-the-persuasion-definition/', 'https://www.betterhelp.com/advice/persuasion/what-can-friendly-persuasion-do-for-us-and-how-to-accomplish-it/', 'https://www.betterhelp.com/advice/persuasion/what-can-pretty-persuasion-do-for-us/', 'https://www.betterhelp.com/advice/persuasion/what-is-the-persuasion-definition/', 'https://www.betterhelp.com/advice/persuasion/what-can-we-learn-from-central-route-persuasion/', 'https://www.betterhelp.com/advice/persuasion/what-is-straight-line-persuasion/']"
pessimism,"['https://www.betterhelp.com/advice/pessimism/ive-lost-control-of-my-life-how-to-take-back-control-and-lead-the-life-you-want/', 'https://www.betterhelp.com/advice/pessimism/7-ways-to-stop-feeling-hopeless/', 'https://www.betterhelp.com/advice/pessimism/what-is-defensive-pessimism-and-is-it-healthy/', 'https://www.betterhelp.com/advice/pessimism/pessimism-definition-4-ways-a-bad-attitude-can-hurt-you/', 'https://www.betterhelp.com/advice/pessimism/feeling-worthless-and-what-to-do-about-it/']"
pheromones,[]
phobias,"['https://www.betterhelp.com/advice/phobias/monsters-in-the-dark-understanding-teraphobia/', 'https://www.betterhelp.com/advice/phobias/phobia-definition-symptoms-and-treatments/', 'https://www.betterhelp.com/advice/phobias/what-to-know-about-the-fear-of-women/', 'https://www.betterhelp.com/advice/phobias/can-people-really-have-a-fear-of-long-words/', 'https://www.betterhelp.com/advice/phobias/coping-with-the-fear-of-blood/', 'https://www.betterhelp.com/advice/phobias/what-is-aichmophobia/', 'https://www.betterhelp.com/advice/phobias/phobophobia-causes-effects-and-treatment/', 'https://www.betterhelp.com/advice/phobias/how-to-cope-with-a-fear-of-crowds/', 'https://www.betterhelp.com/advice/phobias/arachibutyrophobia-when-food-causes-fear/', 'https://www.betterhelp.com/advice/phobias/what-people-dont-understand-about-xanthophobia/', 'https://www.betterhelp.com/advice/phobias/spectrophobia-the-fear-of-mirrors-and-what-it-means/', 'https://www.betterhelp.com/advice/phobias/understanding-and-coping-with-a-fear-of-cats/']"
pornography,"['https://www.betterhelp.com/advice/pornography/am-i-addicted-to-porn-how-to-determine-if-you-have-a-problem/', 'https://www.betterhelp.com/advice/pornography/understanding-porn-addiction-side-effects/', 'https://www.betterhelp.com/advice/pornography/tips-for-dealing-with-porn-withdrawal-when-youre-trying-to-break-the-habit/', 'https://www.betterhelp.com/advice/pornography/is-porn-healthy-or-is-it-simply-bad-for-you/', 'https://www.betterhelp.com/advice/pornography/negative-pornography-effects-studies-the-bad-in-marriage-and-on-the-brain/', 'https://www.betterhelp.com/advice/pornography/how-to-manage-pornography-addiction/']"
procrastination,"['https://www.betterhelp.com/advice/procrastination/why-do-people-procrastinate-and-how-can-i-stop/', 'https://www.betterhelp.com/advice/procrastination/what-the-spongebob-procrastination-episode-teaches-us/', 'https://www.betterhelp.com/advice/procrastination/what-is-the-procrastination-bulldozer-method/', 'https://www.betterhelp.com/advice/procrastination/what-are-the-best-procrastination-memes/', 'https://www.betterhelp.com/advice/procrastination/a-procrastination-definition-tips-to-overcome-it/', 'https://www.betterhelp.com/advice/procrastination/procrastination-quotes-we-can-all-relate-to/', 'https://www.betterhelp.com/advice/procrastination/17-best-methods-for-overcoming-procrastination/', 'https://www.betterhelp.com/advice/procrastination/18-symptoms-and-causes-of-chronic-procrastination/']"
psychiatry,"['https://www.betterhelp.com/advice/psychiatry/do-i-have-a-mental-illness-28-mental-disorders-and-their-symptoms/', 'https://www.betterhelp.com/advice/psychiatry/how-much-do-psychiatrists-make-career-path-educational-requirements-and-occupational-expectations/', 'https://www.betterhelp.com/advice/psychiatry/being-anti-psychiatrist-can-cause-you-more-harm-than-good/', 'https://www.betterhelp.com/advice/psychiatry/what-should-i-look-for-in-a-local-psychiatrist-near-me/', 'https://www.betterhelp.com/advice/psychiatry/how-much-does-a-psychiatrist-cost/', 'https://www.betterhelp.com/advice/psychiatry/psychiatry-books-by-famous-psychiatrists/', 'https://www.betterhelp.com/advice/psychiatry/what-do-psychiatrists-do-how-they-can-help-you/', 'https://www.betterhelp.com/advice/psychiatry/are-there-different-types-of-psychiatrists/', 'https://www.betterhelp.com/advice/psychiatry/what-is-a-psychiatrist-definition-and-overview-of-areas-of-specialization/', 'https://www.betterhelp.com/advice/psychiatry/what-is-a-geriatric-psychiatrist-and-what-do-they-do/', 'https://www.betterhelp.com/advice/psychiatry/what-is-forensic-psychiatry/', 'https://www.betterhelp.com/advice/psychiatry/what-is-biological-psychiatry-and-can-it-help/']"
psychologists,"['https://www.betterhelp.com/advice/psychologists/what-is-flooding-psychology-of-coping-with-trauma-anxiety-phobias-and-ocd/', 'https://www.betterhelp.com/advice/psychologists/is-guilt-different-from-shame-psychology-makes-the-distinction/', 'https://www.betterhelp.com/advice/psychologists/understanding-the-psychology-of-sex/', 'https://www.betterhelp.com/advice/psychologists/what-is-dissociation-psychology-definition-and-treatments/', 'https://www.betterhelp.com/advice/psychologists/what-is-self-efficacy-psychology-theory-and-applications/', 'https://www.betterhelp.com/advice/psychologists/what-is-introspection-psychology-definition-and-applications/', 'https://www.betterhelp.com/advice/psychologists/psychology-memory-and-the-brain/', 'https://www.betterhelp.com/advice/psychologists/what-is-psychodynamic-psychology/', 'https://www.betterhelp.com/advice/psychologists/what-is-sublimation-psychology-definition-and-examples/', 'https://www.betterhelp.com/advice/psychologists/what-is-reactivity-psychology-explains-this-phenomenon/', 'https://www.betterhelp.com/advice/psychologists/using-projective-tests-psychology-and-measuring-personality/', 'https://www.betterhelp.com/advice/psychologists/what-is-spontaneous-recovery-psychology-definition-and-examples/']"
psychopathy,"['https://www.betterhelp.com/advice/psychopathy/the-path-and-process-of-schizophrenia-recovery/', 'https://www.betterhelp.com/advice/psychopathy/is-chizophrenia-curable-finding-solutions-in-the-modern-age/', 'https://www.betterhelp.com/advice/psychopathy/how-do-you-get-schizophrenia-understanding-the-risks-and-symptoms/', 'https://www.betterhelp.com/advice/psychopathy/what-are-the-most-effective-treatments-for-schizophrenia/', 'https://www.betterhelp.com/advice/psychopathy/understanding-the-symptoms-schizotypal-vs-schizoid/', 'https://www.betterhelp.com/advice/psychopathy/schizophrenia-onset-the-signs-and-symptoms-to-watch-for/', 'https://www.betterhelp.com/advice/psychopathy/schizophrenia-types-how-are-they-different/', 'https://www.betterhelp.com/advice/psychopathy/understanding-classifications-narcissist-vs-psychopath/', 'https://www.betterhelp.com/advice/psychopathy/the-psychopath-test-for-dating-and-more/', 'https://www.betterhelp.com/advice/psychopathy/what-are-the-signs-of-a-psychopath/']"
psychosis,"['https://www.betterhelp.com/advice/psychosis/somatic-delusions-sensing-the-signs/', 'https://www.betterhelp.com/advice/psychosis/help-i-hear-voices-in-my-head/', 'https://www.betterhelp.com/advice/psychosis/what-are-psychotic-symptoms/', 'https://www.betterhelp.com/advice/psychosis/how-to-overcome-persecutory-delusions/']"
psychotherapy,"['https://www.betterhelp.com/advice/psychotherapy/how-to-become-a-psychotherapist-education-career-considerations-and-more/', 'https://www.betterhelp.com/advice/psychotherapy/what-is-interpersonal-psychotherapy/', 'https://www.betterhelp.com/advice/psychotherapy/the-pros-and-cons-of-group-psychotherapy/', 'https://www.betterhelp.com/advice/psychotherapy/what-is-transference-focused-psychotherapy/', 'https://www.betterhelp.com/advice/psychotherapy/what-is-cognitive-psychotherapy/', 'https://www.betterhelp.com/advice/psychotherapy/how-different-psychotherapy-techniques-can-impact-you/', 'https://www.betterhelp.com/advice/psychotherapy/what-is-psychodynamic-psychotherapy/', 'https://www.betterhelp.com/advice/psychotherapy/im-looking-for-psychotherapy-near-me-what-are-the-best-options/', 'https://www.betterhelp.com/advice/psychotherapy/how-effective-is-psychotherapy-for-anxiety/']"
ptsd,"['https://www.betterhelp.com/advice/ptsd/do-i-have-post-traumatic-stress-disorder-a-ptsd-questionnaire/', 'https://www.betterhelp.com/advice/ptsd/how-to-treat-ptsd-and-regain-your-mental-well-being/', 'https://www.betterhelp.com/advice/ptsd/identifying-ptsd-symptoms-in-women/', 'https://www.betterhelp.com/advice/ptsd/ptsd-hotline-when-and-how-to-use-hotlines-for-ptsd-minus-38/', 'https://www.betterhelp.com/advice/ptsd/is-it-a-ptsd-attack-knowing-the-signs-and-symptoms/', 'https://www.betterhelp.com/advice/ptsd/22-symptoms-of-ptsd-in-adults/', 'https://www.betterhelp.com/advice/ptsd/5-ptsd-physical-symptoms-to-watch-for/', 'https://www.betterhelp.com/advice/ptsd/what-are-the-ptsd-criteria-for-diagnosis-2/', 'https://www.betterhelp.com/advice/ptsd/healing-from-ptsd-art-and-expression-as-a-treatment-modality/', 'https://www.betterhelp.com/advice/ptsd/how-to-identify-delayed-onset-ptsd/', 'https://www.betterhelp.com/advice/ptsd/acute-stress-disorder-vs-ptsd-similarities-and-differences/', 'https://www.betterhelp.com/advice/ptsd/what-you-might-not-know-about-ptsd-psychosis-and-paranoia/']"
punishment,"['https://www.betterhelp.com/advice/punishment/understanding-cruel-and-unusual-punishment/', 'https://www.betterhelp.com/advice/punishment/are-you-a-glutton-for-punishment-ways-to-stop/', 'https://www.betterhelp.com/advice/punishment/what-is-vicarious-punishment-and-how-does-it-work/', 'https://www.betterhelp.com/advice/punishment/the-long-and-short-term-effects-of-self-punishment/', 'https://www.betterhelp.com/advice/punishment/what-is-corporal-punishment/', 'https://www.betterhelp.com/advice/punishment/10-positive-punishment-techniques-their-effect/']"
rejection,"['https://www.betterhelp.com/advice/rejection/8-tips-for-dealing-with-embarrassment/', 'https://www.betterhelp.com/advice/rejection/feeling-like-a-burden-what-it-means-and-how-to-overcome-it/', 'https://www.betterhelp.com/advice/rejection/the-science-behind-rejection-the-meaning-definition-rejected-synonyms/', 'https://www.betterhelp.com/advice/rejection/how-to-deal-with-rejection-the-right-way/', 'https://www.betterhelp.com/advice/rejection/why-social-rejection-does-not-have-to-define-you/', 'https://www.betterhelp.com/advice/rejection/how-to-respond-to-a-job-rejection-in-a-way-that-benefits-you/']"
Relationship Stress,"['https://www.betterhelp.com/advice/relations/how-to-feel-confident-in-awkward-social-situations/', 'https://www.betterhelp.com/advice/relations/10-signs-that-you-might-be-in-a-negative-relationship/', 'https://www.betterhelp.com/advice/relations/how-to-move-on-from-a-relationship-and-start-healing/', 'https://www.betterhelp.com/advice/relations/the-importance-of-communication-in-a-relationship/', 'https://www.betterhelp.com/advice/relations/is-it-time-to-seek-relationship-therapy-what-to-do-in-a-relationship-when-youre-not-happy/', 'https://www.betterhelp.com/advice/relations/how-to-know-when-your-romantic-relationship-is-over-and-3-real-life-ways-to-cope/', 'https://www.betterhelp.com/advice/relations/5-signs-youre-in-a-rebound-relationship-and-how-to-bounce-back/', 'https://www.betterhelp.com/advice/relations/our-obsession-with-power-couples-characteristics-of-power-relationships/', 'https://www.betterhelp.com/advice/relations/what-is-aromantic-and-what-does-it-mean-for-relationships/', 'https://www.betterhelp.com/advice/relations/helpful-relationship-quotes/', 'https://www.betterhelp.com/advice/relations/the-importance-of-having-supportive-friendships/', 'https://www.betterhelp.com/advice/relations/what-is-romantic-attraction-how-to-recognize-and-better-understand-it/']"
resilience,"['https://www.betterhelp.com/advice/resilience/how-to-stay-strong-in-the-face-of-adversity/', 'https://www.betterhelp.com/advice/resilience/dissecting-the-origins-and-meanings-of-resilience-quotes/', 'https://www.betterhelp.com/advice/resilience/resilience-counseling-is-a-resilience-treatment-center-worth-your-time/', 'https://www.betterhelp.com/advice/resilience/resilience-definition-and-how-to-increase-it/', 'https://www.betterhelp.com/advice/resilience/12-reasons-for-developing-greater-emotional-resilience/', 'https://www.betterhelp.com/advice/resilience/how-resilience-training-can-change-your-life-for-the-better/', 'https://www.betterhelp.com/advice/resilience/connor-davidson-resilience-scale-what-it-measures-and-how-it-helps/']"
schizophrenia,"['https://www.betterhelp.com/advice/schizophrenia/everything-you-need-to-know-about-dsm-v-schizophrenia/', 'https://www.betterhelp.com/advice/schizophrenia/do-i-have-schizophrenia-and-what-should-i-do-now/']"
self-esteem,"['https://www.betterhelp.com/advice/self-esteem/struggling-with-a-lack-of-self-confidence-read-this-to-build-healthy-self-esteem/', 'https://www.betterhelp.com/advice/self-esteem/overwhelmed-in-life-how-to-learn-to-say-no/', 'https://www.betterhelp.com/advice/self-esteem/how-to-rise-above-feelings-of-inadequacy/', 'https://www.betterhelp.com/advice/self-esteem/boost-your-self-esteem-activities-and-tips-to-help/', 'https://www.betterhelp.com/advice/self-esteem/how-to-cope-with-feeling-inadequate-and-become-more-confident-in-the-process/', 'https://www.betterhelp.com/advice/self-esteem/why-self-worth-matters-and-how-to-improve-it/', 'https://www.betterhelp.com/advice/self-esteem/the-media-and-body-image-how-it-impacts-your-self-esteem/', 'https://www.betterhelp.com/advice/self-esteem/steps-to-overcome-self-consciousness/', 'https://www.betterhelp.com/advice/self-esteem/insecure-define-and-manage-it/', 'https://www.betterhelp.com/advice/self-esteem/the-difference-between-concrete-vs-abstract-thinking/', 'https://www.betterhelp.com/advice/self-esteem/how-to-better-understand-yourself-via-character-survey/', 'https://www.betterhelp.com/advice/self-esteem/how-to-overcome-self-doubt-and-succeed/']"
sleep,"['https://www.betterhelp.com/advice/sleep/what-is-depression-insomnia/', 'https://www.betterhelp.com/advice/sleep/what-happens-if-i-have-sleep-deprivation-and-depression/', 'https://www.betterhelp.com/advice/sleep/how-to-treat-insomnia-in-4-steps/', 'https://www.betterhelp.com/advice/sleep/how-to-deal-with-insomnia-11-tips-from-the-experts/', 'https://www.betterhelp.com/advice/sleep/what-does-insomnia-mean-your-insomnia-questions-answered/', 'https://www.betterhelp.com/advice/sleep/the-secret-behind-how-to-get-a-good-night-sleep-naturally/', 'https://www.betterhelp.com/advice/sleep/tips-for-better-sleep-from-the-experts/', 'https://www.betterhelp.com/advice/sleep/how-to-get-a-good-nights-sleep-when-stressed/', 'https://www.betterhelp.com/advice/sleep/treatment-for-insomnia-how-to-get-the-sleep-you-need/', 'https://www.betterhelp.com/advice/sleep/how-are-depression-and-insomnia-related/', 'https://www.betterhelp.com/advice/sleep/natural-insomnia-treatments-to-try/', 'https://www.betterhelp.com/advice/sleep/why-is-good-sleep-so-important/']"
sociopathy,"['https://www.betterhelp.com/advice/sociopathy/is-there-a-mental-health-reason-for-showing-no-emotion/', 'https://www.betterhelp.com/advice/sociopathy/traits-of-a-high-functioning-sociopath/', 'https://www.betterhelp.com/advice/sociopathy/dsm-5-sociopath-diagnostic-definitions-and-symptoms/', 'https://www.betterhelp.com/advice/sociopathy/sociopath-definition-and-symptoms/', 'https://www.betterhelp.com/advice/sociopathy/how-to-deal-with-a-sociopath/', 'https://www.betterhelp.com/advice/sociopathy/understanding-the-sociopath-test-and-what-it-means-for-you/', 'https://www.betterhelp.com/advice/sociopathy/the-difference-between-a-psychopath-vs-sociopath-might-surprise-you/', 'https://www.betterhelp.com/advice/sociopathy/what-is-a-sociopath-symptoms-traits-treatments/', 'https://www.betterhelp.com/advice/sociopathy/the-difference-between-a-sociopath-and-narcissistic-sociopath/', 'https://www.betterhelp.com/advice/sociopathy/psychopath-vs-sociopath-the-telltale-signs-differences/']"
stage-fright,"['https://www.betterhelp.com/advice/stage-fright/13-tips-to-overcome-stage-fright/', 'https://www.betterhelp.com/advice/stage-fright/10-tips-to-get-over-a-fear-of-public-speaking/']"
Gender issues,"['https://www.betterhelp.com/advice/stereotypes/22-ways-to-overcome-gender-stereotypes/', 'https://www.betterhelp.com/advice/stereotypes/how-gender-stereotypes-in-the-media-harm-society/']"
stress,"['https://www.betterhelp.com/advice/stress/feeling-overwhelmed-learn-these-stress-management-strategies/', 'https://www.betterhelp.com/advice/stress/how-to-stop-stressing-7-tips-to-find-balance-and-relax/', 'https://www.betterhelp.com/advice/stress/how-stress-can-lead-to-emotional-breakdowns-and-what-you-can-do-to-avoid-it/', 'https://www.betterhelp.com/advice/stress/how-does-stress-affect-the-body-symptoms-and-solutions/', 'https://www.betterhelp.com/advice/stress/are-you-under-too-much-stress-symptoms-treatment-and-tips/', 'https://www.betterhelp.com/advice/stress/7-tips-on-how-to-handle-stressful-situations/', 'https://www.betterhelp.com/advice/stress/stress-management-that-works-how-to-be-less-stressed/', 'https://www.betterhelp.com/advice/stress/how-to-cope-with-stress-during-lifes-challenges/', 'https://www.betterhelp.com/advice/stress/coping-mechanisms-for-stress-what-works-and-what-doesnt/', 'https://www.betterhelp.com/advice/stress/seven-warning-signs-of-stress-you-should-know/', 'https://www.betterhelp.com/advice/stress/six-ways-to-overcome-stress-at-work/', 'https://www.betterhelp.com/advice/stress/compassion-fatigue-and-you-how-to-avoid-burnout-and-prioritize-self-care/']"
success-stories,"['https://www.betterhelp.com/advice/success-stories/ive-felt-better-and-i-know-exactly-why-self-care-becca/', 'https://www.betterhelp.com/advice/success-stories/i-learned-how-to-chart-a-course-for-a-healthier-and-happier-future-bobby/', 'https://www.betterhelp.com/advice/success-stories/i-now-know-that-i-am-capable-of-doing-anything-sara/', 'https://www.betterhelp.com/advice/success-stories/after-using-betterhelp-i-feel-happy-when-i-didnt-think-i-ever-could-again-marlie-martin/', 'https://www.betterhelp.com/advice/success-stories/how-betterhelp-helped-me-to-be-a-stronger-mother-and-confident-woman-rebecca-jump/', 'https://www.betterhelp.com/advice/success-stories/betterhelp-helped-me-see-my-issues-from-new-perspectives-and-establish-boundaries-within-myself-peter/', 'https://www.betterhelp.com/advice/success-stories/looking-forward-to-continue-to-grow-into-the-best-version-of-me-through-help-from-betterhelp-michael-vaughn/', 'https://www.betterhelp.com/advice/success-stories/how-betterhelp-helped-me-to-be-a-recovering-pessimist-and-a-solution-oriented-individual-jennifer/', 'https://www.betterhelp.com/advice/success-stories/how-betterhelp-helped-me-fight-my-inner-critic-garett/', 'https://www.betterhelp.com/advice/success-stories/how-direct-and-consistent-access-to-my-counselor-has-been-a-huge-blessing-sarah-day/', 'https://www.betterhelp.com/advice/success-stories/how-betterhelp-helped-me-realized-things-that-ive-never-even-been-able-to-acknowledge-myself-anita/', 'https://www.betterhelp.com/advice/success-stories/how-my-betterhelp-helped-me-feel-alive-again-hitting-the-bottom-of-my-life/']"
synesthesia,"['https://www.betterhelp.com/advice/synesthesia/what-is-synesthesia-disorder-and-how-to-cope-with-it/', 'https://www.betterhelp.com/advice/synesthesia/what-happens-during-a-synesthesia-test/', 'https://www.betterhelp.com/advice/synesthesia/understanding-the-synesthesia-definition/', 'https://www.betterhelp.com/advice/synesthesia/what-is-mirror-touch-synesthesia/', 'https://www.betterhelp.com/advice/synesthesia/the-many-types-of-synesthesia-explained/', 'https://www.betterhelp.com/advice/synesthesia/synesthesia-music-as-a-color-or-a-smell/']"
teamwork,"['https://www.betterhelp.com/advice/teamwork/understanding-the-teamwork-definition-in-relationships/', 'https://www.betterhelp.com/advice/teamwork/15-teamwork-activities-for-any-group/', 'https://www.betterhelp.com/advice/teamwork/6-tips-for-encouraging-teamwork-in-the-workplace/', 'https://www.betterhelp.com/advice/teamwork/teamwork-makes-the-dream-work-investing-in-teams/', 'https://www.betterhelp.com/advice/teamwork/7-tips-to-help-you-improve-your-teamwork-skills/', 'https://www.betterhelp.com/advice/teamwork/importance-of-teamwork-in-relationships-and-business/']"
teenagers,"['https://www.betterhelp.com/advice/teenagers/what-signs-of-depression-in-teens-should-i-look-out-for/', 'https://www.betterhelp.com/advice/teenagers/how-to-get-help-for-troubled-teenagers-6-tips-for-parents/', 'https://www.betterhelp.com/advice/teenagers/teenage-drug-use-and-abuse-what-is-the-number-one-drug-used-by-teens/', 'https://www.betterhelp.com/advice/teenagers/parents-need-to-know-what-is-the-number-one-killer-of-teenagers/', 'https://www.betterhelp.com/advice/teenagers/how-much-sleep-do-teenagers-need/']"
temperament,"['https://www.betterhelp.com/advice/temperament/how-to-overcome-emotional-reactivity-and-build-emotional-stability/', 'https://www.betterhelp.com/advice/temperament/thomas-and-chess-temperament-type-longitudinal-study-and-findings/', 'https://www.betterhelp.com/advice/temperament/how-do-i-know-what-a-childs-temperament-is-likely-to-be/', 'https://www.betterhelp.com/advice/temperament/what-does-a-temperament-test-tell-me-about-myself-and-where-can-i-take-one/', 'https://www.betterhelp.com/advice/temperament/what-is-the-choleric-temperament/', 'https://www.betterhelp.com/advice/temperament/temperament-definition-types-and-disorders/', 'https://www.betterhelp.com/advice/temperament/15-benefits-and-traits-of-sanguine-temperament/', 'https://www.betterhelp.com/advice/temperament/what-can-the-keirsey-temperament-sorter-reveal-about-me/', 'https://www.betterhelp.com/advice/temperament/4-most-common-temperament-types/', 'https://www.betterhelp.com/advice/temperament/17-benefits-and-traits-of-a-melancholic-temperament/']"
tests,"['https://www.betterhelp.com/advice/tests/hospital-anxiety-and-depression-scale-how-psychological-tests-can-improve-your-outcome/', 'https://www.betterhelp.com/advice/tests/is-it-addictive-personality-test-for-addictive-personality-online/', 'https://www.betterhelp.com/advice/tests/am-i-bipolar-using-a-bipolar-questionnaire-to-determine-symptoms/', 'https://www.betterhelp.com/advice/tests/self-evaluation-and-getting-help-using-a-hypomania-test/', 'https://www.betterhelp.com/advice/tests/is-an-online-dysthymia-test-reliable/', 'https://www.betterhelp.com/advice/tests/what-is-an-emotional-intelligence-test-used-for/', 'https://www.betterhelp.com/advice/tests/what-is-the-gardner-multiple-intelligence-test-and-how-is-it-used/', 'https://www.betterhelp.com/advice/tests/the-introvert-vs-extrovert-personality-test-why-you-should-care/', 'https://www.betterhelp.com/advice/tests/where-to-find-a-free-mental-health-test-and-do-you-need-one/', 'https://www.betterhelp.com/advice/tests/will-an-anxiety-test-help-and-should-you-take-one/']"
therapy,"['https://www.betterhelp.com/advice/therapy/what-is-cognitive-behavior-therapy/', 'https://www.betterhelp.com/advice/therapy/what-not-to-say-to-your-therapist-how-to-make-the-most-of-your-therapy-sessions/', 'https://www.betterhelp.com/advice/therapy/therapy-apps-for-you/', 'https://www.betterhelp.com/advice/therapy/thera-link-review-is-it-a-worthwhile-therapy-service/', 'https://www.betterhelp.com/advice/therapy/talkspace-review-how-does-it-hold-up/', 'https://www.betterhelp.com/advice/therapy/relationship-hero-reviews-will-it-save-it/', 'https://www.betterhelp.com/advice/therapy/regain-reviews-is-this-app-right-for-you/', 'https://www.betterhelp.com/advice/therapy/online-therapy-reviews-are-they-legit/', 'https://www.betterhelp.com/advice/therapy/breakthrough-review-does-it-hold-up/', 'https://www.betterhelp.com/advice/therapy/7-cups-of-tea-review-should-you-use-it/', 'https://www.betterhelp.com/advice/therapy/what-you-need-to-know-when-choosing-an-out-of-network-therapist/', 'https://www.betterhelp.com/advice/therapy/how-effective-is-tms-the-tms-therapy-success-rate/']"
time-management,"['https://www.betterhelp.com/advice/time-management/time-management-tools-to-help-you-boost-productivity/', 'https://www.betterhelp.com/advice/time-management/the-time-management-matrix-making-the-best-use-of-your-time/', 'https://www.betterhelp.com/advice/time-management/define-time-management-to-regain-control-of-your-schedule/', 'https://www.betterhelp.com/advice/time-management/10-time-management-apps-to-help-you-enhance-your-life/', 'https://www.betterhelp.com/advice/time-management/types-and-examples-of-time-management-activities/', 'https://www.betterhelp.com/advice/time-management/why-is-time-management-important-7-reasons-you-shouldnt-ignore/', 'https://www.betterhelp.com/advice/time-management/8-tips-to-improve-your-time-management-skills/', 'https://www.betterhelp.com/advice/time-management/66-time-management-quotes-to-change-your-life/', 'https://www.betterhelp.com/advice/time-management/13-most-successful-time-management-strategies/', 'https://www.betterhelp.com/advice/time-management/6-tips-for-time-management-for-college-students/', 'https://www.betterhelp.com/advice/time-management/12-time-management-games-and-why-people-love-them/', 'https://www.betterhelp.com/advice/time-management/10-time-management-tips-that-work/']"
trauma,"['https://www.betterhelp.com/advice/trauma/better-health-is-possible-when-healing-past-trauma-with-professional-help/', 'https://www.betterhelp.com/advice/trauma/fight-flight-freeze-how-to-recognize-it-and-what-to-do-when-it-happens/', 'https://www.betterhelp.com/advice/trauma/post-traumatic-growth-is-it-really-possible-to-change-for-the-better-after-trauma/', 'https://www.betterhelp.com/advice/trauma/what-is-trauma-therapy-and-how-does-it-work/', 'https://www.betterhelp.com/advice/trauma/what-it-means-to-suffer-from-psychological-trauma-and-what-you-can-do-about-it/', 'https://www.betterhelp.com/advice/trauma/what-to-do-when-childhood-trauma-holds-you-back/', 'https://www.betterhelp.com/advice/trauma/my-phobia-what-does-drowning-feel-like/', 'https://www.betterhelp.com/advice/trauma/fear-of-being-buried-alive-understanding-phobias/', 'https://www.betterhelp.com/advice/trauma/the-truth-about-why-do-bullies-bully/', 'https://www.betterhelp.com/advice/trauma/what-abusers-hope-we-never-learn-about-traumatic-bonding/', 'https://www.betterhelp.com/advice/trauma/developmental-trauma-disorder-is-not-as-complex-as-it-sounds/', 'https://www.betterhelp.com/advice/trauma/healing-from-trauma-how-to-move-on/']"
visualization,"['https://www.betterhelp.com/advice/visualization/what-is-information-visualization-and-what-can-it-help-me-with/', 'https://www.betterhelp.com/advice/visualization/using-visualization-tools-to-better-your-life/', 'https://www.betterhelp.com/advice/visualization/what-is-spatial-visualization/', 'https://www.betterhelp.com/advice/visualization/the-visualization-definition-and-how-it-transforms-your-life/', 'https://www.betterhelp.com/advice/visualization/what-is-creative-visualization/', 'https://www.betterhelp.com/advice/visualization/what-is-visualization-meditation-and-what-are-the-benefits/']"
willpower,"['https://www.betterhelp.com/advice/willpower/self-control-definition-and-how-to-have-it/', 'https://www.betterhelp.com/advice/willpower/ego-depletion-what-it-is-and-how-to-prevent-it/', 'https://www.betterhelp.com/advice/willpower/what-is-ego-psychology-and-how-can-it-help/', 'https://www.betterhelp.com/advice/willpower/willpower-definition-and-how-to-increase-it/', 'https://www.betterhelp.com/advice/willpower/how-using-a-self-control-app-can-help-you-change/', 'https://www.betterhelp.com/advice/willpower/19-ways-how-to-increase-willpower/']"
wisdom,"['https://www.betterhelp.com/advice/wisdom/countering-the-abstinence-violation-effect-supporting-recovery-through-relapse/', 'https://www.betterhelp.com/advice/wisdom/wisdom-definition-synonyms-and-meaning/', 'https://www.betterhelp.com/advice/wisdom/practical-wisdom-that-my-parents-taught-me/', 'https://www.betterhelp.com/advice/wisdom/words-of-wisdom-worth-living-by/', 'https://www.betterhelp.com/advice/wisdom/whats-the-best-way-to-define-ego/', 'https://www.betterhelp.com/advice/wisdom/conventional-wisdom-what-it-means-and-when-to-use-it/', 'https://www.betterhelp.com/advice/wisdom/the-wisdom-of-insecurity-what-you-learn-by-gaining-confidence/', 'https://www.betterhelp.com/advice/wisdom/why-wisdom-is-the-principal-thing-in-life/', 'https://www.betterhelp.com/advice/wisdom/knowledge-vs-wisdom-whats-the-difference-and-why-does-it-matter/']"
worry,"['https://www.betterhelp.com/advice/worry/what-to-do-when-you-worry-about-yourself-too-much/', 'https://www.betterhelp.com/advice/worry/when-anxiety-is-more-than-a-worry-synonym/', 'https://www.betterhelp.com/advice/worry/why-should-i-worry-healthy-reasons-to-worry/', 'https://www.betterhelp.com/advice/worry/would-a-worry-stone-help-me-cope/', 'https://www.betterhelp.com/advice/worry/dont-worry-about-tomorrow-make-progress-today/', 'https://www.betterhelp.com/advice/worry/18-tips-for-living-worry-free/', 'https://www.betterhelp.com/advice/worry/19-ways-how-to-make-him-worry-about-losing-you/', 'https://www.betterhelp.com/advice/worry/do-you-feel-stuck-thinking-everyday-i-worry-all-day/', 'https://www.betterhelp.com/advice/worry/ways-to-stop-being-a-worry-wart-and-calm-down/']"
